loop_index,profile
1,pers4
2,pers87
3,pers93
4,pers180
5,pers290
6,pers89
7,pers188
8,pers148
9,pers268
10,pers51
11,pers61
12,pers110
13,pers288
14,pers270
15,pers192
16,pers81
17,pers168
18,pers69
19,pers77
20,pers11
21,pers6
22,pers13
23,pers41
24,pers225
25,pers124
26,pers182
27,pers266
28,pers65
29,pers103
30,pers256
31,pers152
32,pers97
33,pers201
34,pers164
35,pers237
36,pers75
37,pers286
38,pers140
39,pers300
40,pers106
41,pers138
42,pers71
43,pers35
44,pers27
45,pers15
46,pers40
47,pers296
48,pers174
49,pers298
50,pers284
51,pers99
52,pers217
53,pers172
54,pers184
55,pers264
56,pers67
57,pers166
58,pers194
59,pers198
60,pers53
61,pers229
62,pers249
63,pers241
64,pers170
65,pers178
66,pers43
67,pers47
68,pers276
69,pers158
70,pers63
71,pers280
72,pers73
73,pers36
74,pers32
75,pers20
76,pers159
77,pers54
78,pers149
79,pers204
80,pers58
81,pers141
82,pers199
83,pers295
84,pers224
85,pers125
86,pers29
87,pers37
88,pers22
89,pers25
90,pers16
91,pers251
92,pers232
93,pers105
94,pers96
95,pers261
96,pers202
97,pers147
98,pers84
99,pers123
100,pers133
101,pers78
102,pers70
103,pers244
104,pers94
105,pers169
106,pers222
107,pers289
108,pers177
109,pers143
110,pers279
111,pers291
112,pers165
113,pers234
114,pers208
115,pers157
116,pers56
117,pers135
118,pers109
119,pers31
120,pers39
121,pers34
122,pers7
123,pers26
124,pers2
125,pers240
126,pers193
127,pers246
128,pers145
129,pers171
130,pers163
131,pers265
132,pers216
133,pers137
134,pers74
135,pers283
136,pers151
137,pers153
138,pers50
139,pers271
140,pers214
141,pers88
142,pers255
143,pers167
144,pers269
145,pers273
146,pers285
147,pers175
148,pers259
149,pers44
150,pers68
151,pers9
152,pers278
153,pers3
154,pers33
155,pers19
156,pers38
157,pers239
158,pers45
159,pers274
160,pers144
161,pers260
162,pers122
163,pers200
164,pers154
165,pers203
166,pers160
167,pers115
168,pers215
169,pers282
170,pers176
171,pers136
172,pers227
173,pers196
174,pers294
175,pers213
176,pers156
177,pers205
178,pers190
179,pers186
180,pers116
181,pers236
182,pers228
183,pers119
184,pers212
185,pers248
186,pers257
187,pers8
188,pers253
189,pers104
190,pers191
191,pers112
192,pers287
193,pers161
194,pers173
195,pers52
196,pers66
197,pers92
198,pers127
199,pers185
200,pers179
201,pers183
202,pers267
203,pers220
204,pers76
205,pers297
206,pers263
207,pers195
208,pers46
209,pers100
210,pers277
211,pers187
212,pers64
213,pers197
214,pers181
215,pers30
216,pers24
217,pers134
218,pers243
219,pers231
220,pers219
221,pers91
222,pers114
223,pers142
224,pers128
225,pers28
226,pers21
227,pers1
228,pers252
229,pers85
230,pers146
231,pers55
232,pers23
233,pers17
234,pers107
235,pers49
236,pers292
237,pers221
238,pers207
239,pers254
240,pers247
241,pers102
242,pers126
243,pers130
244,pers59
245,pers162
246,pers272
247,pers211
248,pers209
249,pers262
250,pers95
251,pers117
252,pers233
253,pers57
254,pers245
255,pers223
256,pers235
257,pers132
258,pers83
259,pers79
260,pers120
261,pers258
262,pers111
263,pers150
264,pers275
265,pers293
266,pers189
267,pers72
268,pers98
269,pers48
270,pers10
271,pers90
272,pers121
273,pers226
274,pers42
275,pers218
276,pers62
277,pers230
278,pers12
279,pers5
280,pers14
281,pers18
282,pers206
283,pers108
284,pers299
285,pers129
286,pers210
287,pers80
288,pers155
289,pers139
290,pers250
291,pers131
292,pers281
293,pers101
294,pers113
295,pers242
296,pers60
297,pers86
298,pers238
299,pers118
300,pers82